{
  "country_accuracy": 0.3,
  "continent_accuracy": 0.6,
  "distance_error_km_median": 1568.8048292576027,
  "distance_error_km_mean_valid_only": 3491.6331909158207,
  "distance_error_km_mean_penalized": 3491.6331909158207,
  "distance_error_km_std_penalized": 3903.801908631867,
  "valid_coordinate_rate": 1.0,
  "coverage_rate": 1.0,
  "total_samples": 10.0,
  "valid_predictions": 10.0,
  "Acc@1km": 0.1,
  "Acc@10km": 0.1,
  "Acc@25km": 0.1,
  "Acc@100km": 0.2,
  "Acc@200km": 0.2,
  "Acc@750km": 0.3,
  "Acc@2500km": 0.7,
  "elapsed_seconds": 177.5377643108368,
  "num_samples": 10,
  "num_errors": 0
}