{
  "country_accuracy": 0.5,
  "region_accuracy": 1.0,
  "distance_error_km_mean": 1805.6843776404319,
  "distance_error_km_median": 1805.6843776404319,
  "valid_coordinate_rate": 1.0,
  "hallucination_rate": 0.0,
  "evidence_f1": 0.17836990595611285,
  "within_25km_rate": 0.0,
  "within_150km_rate": 0.0,
  "within_750km_rate": 0.5,
  "within_2500km_rate": 0.5,
  "elapsed_seconds": 22.058523178100586,
  "num_samples": 2,
  "num_errors": 0
}