{
  "country_accuracy": 0.5,
  "continent_accuracy": 0.9,
  "distance_error_km_median": 816.0913816620613,
  "distance_error_km_mean_valid_only": 1682.202748827137,
  "distance_error_km_mean_penalized": 1682.202748827137,
  "distance_error_km_std_penalized": 3061.302115052126,
  "valid_coordinate_rate": 1.0,
  "coverage_rate": 1.0,
  "total_samples": 50.0,
  "valid_predictions": 50.0,
  "Acc@1km": 0.02,
  "Acc@10km": 0.04,
  "Acc@25km": 0.04,
  "Acc@100km": 0.06,
  "Acc@200km": 0.24,
  "Acc@750km": 0.48,
  "Acc@2500km": 0.88,
  "elapsed_seconds": 992.121502161026,
  "num_samples": 50,
  "num_errors": 0
}