{
  "country_accuracy": 0.5,
  "continent_accuracy": 0.9,
  "distance_error_km_median": 891.4123324619355,
  "distance_error_km_mean_valid_only": 2966.6639650316133,
  "distance_error_km_mean_penalized": 2966.6639650316133,
  "distance_error_km_std_penalized": 5053.254391539726,
  "valid_coordinate_rate": 1.0,
  "coverage_rate": 1.0,
  "total_samples": 10.0,
  "valid_predictions": 10.0,
  "Acc@1km": 0.0,
  "Acc@10km": 0.0,
  "Acc@25km": 0.0,
  "Acc@100km": 0.1,
  "Acc@200km": 0.3,
  "Acc@750km": 0.4,
  "Acc@2500km": 0.8,
  "elapsed_seconds": 338.72014117240906,
  "num_samples": 10,
  "num_errors": 0
}