{
  "country_accuracy": 0.64,
  "continent_accuracy": 0.8979591836734694,
  "country_known_rate": 1.0,
  "continent_known_rate": 0.98,
  "distance_error_km_median": 410.691072407732,
  "distance_error_km_mean_valid_only": 1315.2290619217185,
  "distance_error_km_mean_penalized": 1315.2290619217185,
  "distance_error_km_std_penalized": 2956.027879484792,
  "valid_coordinate_rate": 1.0,
  "coverage_rate": 1.0,
  "total_samples": 50.0,
  "valid_predictions": 50.0,
  "Acc@10km": 0.08,
  "Acc@25km": 0.12,
  "Acc@200km": 0.28,
  "Acc@750km": 0.74,
  "Acc@2000km": 0.88,
  "elapsed_seconds": 1154.0242042541504,
  "num_samples": 50,
  "num_errors": 0
}