{
  "country_accuracy": 0.1,
  "continent_accuracy": 0.36666666666666664,
  "distance_error_km_median": 2138.9638901894523,
  "distance_error_km_mean_valid_only": 4732.689830102261,
  "distance_error_km_mean_penalized": 4732.689830102261,
  "distance_error_km_std_penalized": 5530.502280619359,
  "valid_coordinate_rate": 1.0,
  "coverage_rate": 1.0,
  "total_samples": 30.0,
  "valid_predictions": 30.0,
  "Acc@1km": 0.03333333333333333,
  "Acc@10km": 0.03333333333333333,
  "Acc@25km": 0.03333333333333333,
  "Acc@100km": 0.1,
  "Acc@200km": 0.13333333333333333,
  "Acc@750km": 0.3333333333333333,
  "Acc@2500km": 0.5666666666666667,
  "elapsed_seconds": 234.5373613834381,
  "num_samples": 30,
  "num_errors": 0
}