{
  "country_accuracy": 0.3333333333333333,
  "continent_accuracy": 0.3333333333333333,
  "distance_error_km_median": 20037.0,
  "distance_error_km_mean_valid_only": 8963.413204090592,
  "distance_error_km_mean_penalized": 18929.64132040906,
  "distance_error_km_std_penalized": 3858.9545186387195,
  "valid_coordinate_rate": 0.1,
  "coverage_rate": 0.1,
  "total_samples": 30.0,
  "valid_predictions": 3.0,
  "Acc@1km": 0.0,
  "Acc@10km": 0.0,
  "Acc@25km": 0.0,
  "Acc@100km": 0.0,
  "Acc@200km": 0.0,
  "Acc@750km": 0.03333333333333333,
  "Acc@2500km": 0.03333333333333333,
  "elapsed_seconds": 50.29466962814331,
  "num_samples": 30,
  "num_errors": 27
}