{
  "motion_type": "pendulum",
  "split": "ood",
  "seed": 999,
  "positions_x": [
    54.955394908784726,
    60.51863552196593,
    63.52211943707428,
    63.762403615578094,
    61.298796586568415,
    56.420788835891344,
    49.59671259548342,
    41.41671860396717,
    32.5396720455089,
    23.648447560183858,
    15.413363083800217,
    8.460372297028258,
    3.339586047705506,
    0.4906605057898794,
    0.20425600467074645,
    2.582590804512215,
    7.506194306181719,
    14.616970104759385,
    23.3280250774132,
    32.86718595129031,
    42.353741505760205,
    50.89861671393835,
    57.71034311835777,
    62.18632684229351,
    63.97262826292475,
    62.984375085808125,
    59.3893394100067,
    53.565128947628665,
    46.04355979833843,
    37.454173279702,
    28.47433283908496,
    19.78814022708825
  ],
  "positions_y": [
    31.89461469910929,
    24.115075885618474,
    15.10962668379847,
    5.7077363191695705,
    -3.2678093931673864,
    -11.079097481099241,
    -17.127433581097065,
    -20.98309027442614,
    -22.3954489589269,
    -21.2909626241236,
    -17.76573543338747,
    -12.07685234542795,
    -4.633083716578183,
    4.0177491422715175,
    13.209801072563941,
    22.194285856102788,
    30.192558914167883,
    36.466899182100846,
    40.40254617628266,
    41.58824766263205,
    39.87870599665544,
    35.423289610343026,
    28.651988262024346,
    20.220059876019086,
    10.923269421102649,
    1.601968958427764,
    -6.947630848053562,
    -14.042022195069277,
    -19.153755027656693,
    -21.931761667166406,
    -22.20518308500118,
    -19.978209561884235
  ],
  "velocities_x": [
    5.5632406131812076,
    4.2833622641447775,
    1.6218840468060804,
    -1.111661425252933,
    -3.6708073898433753,
    -5.851041995542499,
    -7.502035115962087,
    -8.528520274987258,
    -8.884135521891656,
    -8.563154480854342,
    -7.5940376315778,
    -6.0368885180473555,
    -3.984855895619189,
    -1.5676650215173797,
    1.0459651493611677,
    3.6509691507554862,
    6.017189650123585,
    7.910915385615741,
    9.125107923265462,
    9.512858214173502,
    9.015715381324021,
    7.6783008062987825,
    5.643855064177579,
    3.1311425722834905,
    0.39902412175730717,
    -2.291644426459026,
    -4.70962306908973,
    -6.672889805834135,
    -8.055477833963334,
    -8.784613479626735,
    -8.833016526306874,
    -8.68619261199671
  ],
  "velocities_y": [
    -7.7795388134908166,
    -8.39249400765541,
    -9.203669783224452,
    -9.188718038482929,
    -8.393416900134406,
    -6.9298120939648395,
    -4.951996396663449,
    -2.6340076889149167,
    -0.1539361748487309,
    2.3148567627697147,
    4.607055139347826,
    6.566325858404643,
    8.047300743849734,
    8.921442394571063,
    9.088268356915634,
    8.49137892080197,
    7.136306662999029,
    5.10499363105739,
    2.5606742402656018,
    -0.2619200898136107,
    -3.0824790261445116,
    -5.613358867315547,
    -7.60161486716197,
    -8.864359420460849,
    -9.30904545879566,
    -8.935450134578105,
    -7.82199557674852,
    -6.103062089801566,
    -3.944869736048564,
    -1.525714028672244,
    0.9767760526410854,
    2.2269735231169463
  ],
  "accelerations_x": [
    -1.27987834903643,
    -1.9706782831875636,
    -2.6975118446988553,
    -2.646345718324728,
    -2.3696902851447827,
    -1.915613863059356,
    -1.3387391397223798,
    -0.6910502029647843,
    -0.01731710293354194,
    0.6450489451569279,
    1.2631329814034933,
    1.8045908679793055,
    2.234611748264988,
    2.5154105224901784,
    2.609317086136433,
    2.485612250381209,
    2.1299731174301275,
    1.5539591365709384,
    0.8009714142788802,
    -0.054696270970720384,
    -0.9172787039373596,
    -1.6859301585732211,
    -2.273579117007646,
    -2.622415471210136,
    -2.7113934993712583,
    -2.5543235954235186,
    -2.1906226896875545,
    -1.6729273824368018,
    -1.0558618368963,
    -0.3887693461717703,
    0.04921043381501278,
    0.14682391431016484
  ],
  "accelerations_y": [
    -0.6129551941645932,
    -0.7120654848668178,
    -0.3981120154137594,
    0.40512644154502286,
    1.1294529722590445,
    1.7207102517354786,
    2.1479022025249614,
    2.399030110907359,
    2.4744322258423157,
    2.3804956570982783,
    2.1257345478174643,
    1.720122802250954,
    1.1775582680832097,
    0.5204838065329502,
    -0.21503173688454602,
    -0.9759808469583025,
    -1.6931926448722905,
    -2.2878162113667138,
    -2.6834568604355002,
    -2.8215766332050567,
    -2.6757193887509683,
    -2.2595679205087293,
    -1.6255002765726507,
    -0.853715295816845,
    -0.035545357058627935,
    0.74352494102357,
    1.4161940223882694,
    1.9385629203499781,
    2.288674030564661,
    2.4608228943448247,
    1.8763437758945951,
    1.250197470475861
  ],
  "angles": [
    0.8,
    1.1,
    1.397758262215939,
    1.692731501431686,
    1.984626408671156,
    2.2734195186825423,
    2.5593514180897716,
    2.842898474837246,
    3.1247271026203176,
    3.405636128977221,
    3.6864924529859295,
    3.968164358287589,
    4.251456052350596,
    4.537046538181472,
    4.825435892562377,
    5.116902330878262,
    5.411473822318692,
    5.708918107625869,
    6.008754366145332,
    6.310288186178003,
    6.612668878761707,
    6.914964885217356,
    7.2162497841040825,
    7.515689114952339,
    7.8126176701054435,
    8.106598341777856,
    8.397456686471466,
    8.685289213285603,
    8.970446999922983,
    9.253498816936569,
    9.535179192563598,
    9.816326934081282
  ],
  "angular_velocities": [
    0.3,
    0.297758262215939,
    0.294973239215747,
    0.2918949072394702,
    0.2887931100113864,
    0.28593189940722935,
    0.2835470567474743,
    0.28182862778307166,
    0.280909026356903,
    0.2808563240087088,
    0.2816719053016596,
    0.28329169406300725,
    0.2855904858308756,
    0.28838935438090435,
    0.2914664383158858,
    0.2945714914404297,
    0.2974442853071766,
    0.29983625851946355,
    0.30153382003267065,
    0.30238069258370454,
    0.30229600645564886,
    0.30128489888672694,
    0.2994393308482564,
    0.2969285551531043,
    0.29398067167241154,
    0.29085834469361027,
    0.28783252681413685,
    0.2851577866373784,
    0.28305181701358656,
    0.2816803756270301,
    0.2811477415176842,
    0.2814920449513673
  ],
  "angular_accelerations": [
    -0.002241737784061009,
    -0.002785023000191986,
    -0.0030783319762767852,
    -0.0031017972280837983,
    -0.0028612106041570723,
    -0.002384842659755014,
    -0.0017184289644026777,
    -0.0009196014261686693,
    -5.27023481942287e-05,
    0.0008155812929507953,
    0.0016197887613476352,
    0.002298791767868334,
    0.0027988685500287594,
    0.0030770839349814573,
    0.0031050531245438726,
    0.002872793866746854,
    0.002391973212286942,
    0.0016975615132070914,
    0.0008468725510338672,
    -8.468612805569446e-05,
    -0.0010111075689218953,
    -0.0018455680384705424,
    -0.002510775695152126,
    -0.0029478834806927253,
    -0.0031223269788012453,
    -0.0030258178794734495,
    -0.002674740176758467,
    -0.002105969623791862,
    -0.0013714413865564875,
    -0.000532634109345898,
    0.0003443034336831095,
    0.0011925644309484131
  ],
  "params": {
    "length": 0.5,
    "gravity": 0.1,
    "initial_angle": 0.8,
    "initial_angular_vel": 0.3,
    "pivot_x": 0.5,
    "pivot_y": 0.15,
    "object_radius": 4,
    "object_value": 255
  },
  "frame_config": {
    "width": 64,
    "height": 64,
    "num_frames": 32,
    "background_value": 0
  }
}