{
  "no_skill": {
    "country_accuracy": 0.32,
    "region_accuracy": 0.58,
    "distance_error_km_mean": 2616.9235045560713,
    "distance_error_km_median": 838.2215065485793,
    "valid_coordinate_rate": 0.72,
    "hallucination_rate": 0.01,
    "evidence_f1": 0.004670790300126906,
    "within_25km_rate": 0.041666666666666664,
    "within_150km_rate": 0.16666666666666666,
    "within_750km_rate": 0.4444444444444444,
    "within_2500km_rate": 0.8055555555555556,
    "elapsed_seconds": 3174.573166847229,
    "num_samples": 100,
    "num_errors": 28
  },
  "random_skill": {
    "country_accuracy": 0.4,
    "region_accuracy": 0.7,
    "distance_error_km_mean": 2369.8490267339084,
    "distance_error_km_median": 751.8530555476312,
    "valid_coordinate_rate": 0.83,
    "hallucination_rate": 0.01,
    "evidence_f1": 0.014579437832658424,
    "within_25km_rate": 0.03614457831325301,
    "within_150km_rate": 0.13253012048192772,
    "within_750km_rate": 0.4939759036144578,
    "within_2500km_rate": 0.7831325301204819,
    "elapsed_seconds": 3506.925891160965,
    "num_samples": 100,
    "num_errors": 17
  },
  "shuffled_order": {
    "country_accuracy": 0.39,
    "region_accuracy": 0.78,
    "distance_error_km_mean": 2072.0715539057014,
    "distance_error_km_median": 770.4754542457342,
    "valid_coordinate_rate": 0.88,
    "hallucination_rate": 0.01,
    "evidence_f1": 0.015739367032410745,
    "within_25km_rate": 0.022727272727272728,
    "within_150km_rate": 0.1590909090909091,
    "within_750km_rate": 0.48863636363636365,
    "within_2500km_rate": 0.8295454545454546,
    "elapsed_seconds": 3434.2169473171234,
    "num_samples": 100,
    "num_errors": 11
  },
  "atomic_only": {
    "country_accuracy": 0.42,
    "region_accuracy": 0.8,
    "distance_error_km_mean": 2477.1663637541733,
    "distance_error_km_median": 843.8972230476279,
    "valid_coordinate_rate": 0.96,
    "hallucination_rate": 0.01,
    "evidence_f1": 0.01595885585723069,
    "within_25km_rate": 0.041666666666666664,
    "within_150km_rate": 0.16666666666666666,
    "within_750km_rate": 0.4791666666666667,
    "within_2500km_rate": 0.7916666666666666,
    "elapsed_seconds": 2807.334001302719,
    "num_samples": 100,
    "num_errors": 4
  },
  "composed_only": {
    "country_accuracy": 0.47,
    "region_accuracy": 0.85,
    "distance_error_km_mean": 2254.4225892240847,
    "distance_error_km_median": 733.7551499315791,
    "valid_coordinate_rate": 1.0,
    "hallucination_rate": 0.02,
    "evidence_f1": 0.017733481687511467,
    "within_25km_rate": 0.01,
    "within_150km_rate": 0.16,
    "within_750km_rate": 0.5,
    "within_2500km_rate": 0.8,
    "elapsed_seconds": 2615.9552278518677,
    "num_samples": 100,
    "num_errors": 0
  }
}