{
  "country_accuracy": 1.0,
  "continent_accuracy": 1.0,
  "distance_error_km_median": 63.25906631947932,
  "distance_error_km_mean_valid_only": 63.25906631947932,
  "distance_error_km_mean_penalized": 63.25906631947932,
  "valid_coordinate_rate": 1.0,
  "heuristic_hallucination_rate": 0.0,
  "expert_chain_token_f1": 0.11940298507462686,
  "Acc@1km": 0.0,
  "Acc@25km": 0.0,
  "Acc@150km": 1.0,
  "Acc@750km": 1.0,
  "Acc@2500km": 1.0,
  "elapsed_seconds": 54.898404359817505,
  "num_samples": 1,
  "num_errors": 0
}