{
  "country_accuracy": 0.0,
  "continent_accuracy": 0.0,
  "distance_error_km_median": 4201.696471964029,
  "distance_error_km_mean_valid_only": 4201.696471964029,
  "distance_error_km_mean_penalized": 4201.696471964029,
  "valid_coordinate_rate": 1.0,
  "heuristic_hallucination_rate": 0.0,
  "expert_chain_token_f1": 0.14728682170542634,
  "Acc@1km": 0.0,
  "Acc@25km": 0.0,
  "Acc@150km": 0.0,
  "Acc@750km": 0.0,
  "Acc@2500km": 0.0,
  "elapsed_seconds": 41.31599807739258,
  "num_samples": 1,
  "num_errors": 0
}