{
  "country_accuracy": 0.6,
  "continent_accuracy": 1.0,
  "distance_error_km_median": 385.06350864920853,
  "distance_error_km_mean_valid_only": 743.5060565381275,
  "distance_error_km_mean_penalized": 743.5060565381275,
  "valid_coordinate_rate": 1.0,
  "heuristic_hallucination_rate": 0.0,
  "expert_chain_token_f1": 0.052815028574661915,
  "Acc@1km": 0.0,
  "Acc@25km": 0.0,
  "Acc@150km": 0.2,
  "Acc@750km": 0.6,
  "Acc@2500km": 1.0,
  "elapsed_seconds": 576.4920670986176,
  "num_samples": 5,
  "num_errors": 0
}