{
  "country_accuracy": 0.1,
  "continent_accuracy": 0.4,
  "distance_error_km_median": 1552.71278250254,
  "distance_error_km_mean_valid_only": 4564.865757795861,
  "distance_error_km_mean_penalized": 4564.865757795861,
  "distance_error_km_std_penalized": 5551.579716007455,
  "valid_coordinate_rate": 1.0,
  "coverage_rate": 1.0,
  "total_samples": 30.0,
  "valid_predictions": 30.0,
  "Acc@1km": 0.03333333333333333,
  "Acc@10km": 0.03333333333333333,
  "Acc@25km": 0.03333333333333333,
  "Acc@100km": 0.1,
  "Acc@200km": 0.1,
  "Acc@750km": 0.4,
  "Acc@2500km": 0.6,
  "elapsed_seconds": 235.29681086540222,
  "num_samples": 30,
  "num_errors": 0
}