{
  "country_accuracy": 0.16666666666666666,
  "continent_accuracy": 0.43333333333333335,
  "distance_error_km_median": 2065.5871644572826,
  "distance_error_km_mean_valid_only": 4453.098555126252,
  "distance_error_km_mean_penalized": 5492.025318117835,
  "distance_error_km_std_penalized": 6631.339448403458,
  "valid_coordinate_rate": 0.9333333333333333,
  "coverage_rate": 0.9333333333333333,
  "total_samples": 30.0,
  "valid_predictions": 28.0,
  "Acc@1km": 0.03333333333333333,
  "Acc@10km": 0.03333333333333333,
  "Acc@25km": 0.03333333333333333,
  "Acc@100km": 0.13333333333333333,
  "Acc@200km": 0.13333333333333333,
  "Acc@750km": 0.3,
  "Acc@2500km": 0.5333333333333333,
  "elapsed_seconds": 672.1235063076019,
  "num_samples": 30,
  "num_errors": 2
}