{"California": {"MarkovChain": {"accuracy": 0.6439586918455454, "edit_dist": 0.35438932161941855, "bleu_score": 0.6728943310062498, "data_jsd": 0.5226632381360149, "act_type": 0.005271111455176494, "traj_len": 0.10009486824258688, "macro_hour": 0.011232202234410316, "micro_hour": 0.035004961524364844, "macro_int": 0.05552686800279709, "micro_int": 0.0975398952821278}, "FrequencyBased": {"accuracy": 0.6432586495788425, "edit_dist": 0.3525297753826646, "bleu_score": 0.5774057947696967, "data_jsd": 0.7271339297475041, "act_type": 0.002377568835852929, "traj_len": 0.832472642920469, "macro_hour": 0.2246534136200245, "micro_hour": 0.352172155643695, "macro_int": 0.5554630039951266, "micro_int": 0.6778604383971985}, "HMM": {"accuracy": 0, "edit_dist": 0, "bleu_score": 0}, "Rule-based (CDAP)": {"accuracy": 0.7524694887238474, "edit_dist": 0.24291136445974096, "bleu_score": 0.7932203624565863, "data_jsd": 0.6905870069151072, "act_type": 0.09994157112719641, "traj_len": 0.45518695989951496, "macro_hour": 0.5031542623593775, "micro_hour": 0.6042967403979675, "macro_int": 0.4228605742669738, "micro_int": 0.6015866505807406}}, "Georgia": {"MarkovChain": {"accuracy": 0.6011652702294686, "edit_dist": 0.39704672403381647, "bleu_score": 0.6350425845893692, "data_jsd": 0.553816848526636, "act_type": 0.05086965208878301, "traj_len": 0.13329151152695845, "macro_hour": 0.041408686406701076, "micro_hour": 0.11011566979566398, "macro_int": 0.07208391989582193, "micro_int": 0.13233585381442203}, "FrequencyBased": {"accuracy": 0.6017663043478261, "edit_dist": 0.39468410326086956, "bleu_score": 0.5448067540770866, "data_jsd": 0.726038688251365, "act_type": 0.049318814390291836, "traj_len": 0.8325546111576978, "macro_hour": 0.2415592565074341, "micro_hour": 0.366429160551803, "macro_int": 0.5657921178016965, "micro_int": 0.6867635432272201}, "HMM": {"accuracy": 0, "edit_dist": 0, "bleu_score": 0}, "Rule-based (CDAP)": {"accuracy": 0.6017663043478261, "edit_dist": 0.39468410326086956, "bleu_score": 0.5448067540770866, "data_jsd": 0.726038688251365, "act_type": 0.049318814390291836, "traj_len": 0.8325546111576978, "macro_hour": 0.2415592565074341, "micro_hour": 0.366429160551803, "macro_int": 0.5657921178016965, "micro_int": 0.6867635432272201}}, "Wisconsin": {"MarkovChain": {"accuracy": 0.6375506237436444, "edit_dist": 0.3605629951519451, "bleu_score": 0.6697059604220714, "data_jsd": 0.5516047970882839, "act_type": 0.032311857969083826, "traj_len": 0.11303215887997252, "macro_hour": 0.057603701997326145, "micro_hour": 0.10183339298629186, "macro_int": 0.06377117161997137, "micro_int": 0.12221950879670687}, "FrequencyBased": {"accuracy": 0.6379081308383587, "edit_dist": 0.3578378118718221, "bleu_score": 0.578621897791948, "data_jsd": 0.7278316686583285, "act_type": 0.029702507611090764, "traj_len": 0.8325546111576979, "macro_hour": 0.2421041440642943, "micro_hour": 0.3668226194048946, "macro_int": 0.5513478847486282, "micro_int": 0.6705732096630771}, "HMM": {"accuracy": 0, "edit_dist": 0, "bleu_score": 0}, "Rule-based (CDAP)": {"accuracy": 0.6379081308383587, "edit_dist": 0.3578378118718221, "bleu_score": 0.578621897791948, "data_jsd": 0.7278316686583285, "act_type": 0.029702507611090764, "traj_len": 0.8325546111576979, "macro_hour": 0.2421041440642943, "micro_hour": 0.3668226194048946, "macro_int": 0.5513478847486282, "micro_int": 0.6705732096630771}}, "Arizona": {"MarkovChain": {"accuracy": 0.6505509000620733, "edit_dist": 0.3474549968963377, "bleu_score": 0.6794265096525894, "data_jsd": 0.6239222001499456, "act_type": 0.027914957829408584, "traj_len": 0.10974816468329063, "macro_hour": 0.05425606308449038, "micro_hour": 0.1411874978059151, "macro_int": 0.07344804633333592, "micro_int": 0.14117094282973305}, "FrequencyBased": {"accuracy": 0.6488438857852266, "edit_dist": 0.3474278398510242, "bleu_score": 0.5782103179561033, "data_jsd": 0.7291963485200695, "act_type": 0.032456471928066805, "traj_len": 0.8325546111576977, "macro_hour": 0.2310690789077111, "micro_hour": 0.38082198741861356, "macro_int": 0.552002417924767, "micro_int": 0.676443600484876}, "HMM": {"accuracy": 0, "edit_dist": 0, "bleu_score": 0}, "Rule-based (CDAP)": {"accuracy": 0.6488438857852266, "edit_dist": 0.3474278398510242, "bleu_score": 0.5782103179561033, "data_jsd": 0.7291963485200695, "act_type": 0.032456471928066805, "traj_len": 0.8325546111576977, "macro_hour": 0.2310690789077111, "micro_hour": 0.38082198741861356, "macro_int": 0.552002417924767, "micro_int": 0.676443600484876}}, "Oklahoma": {"MarkovChain": {"accuracy": 0.5984397877013177, "edit_dist": 0.3995622864812104, "bleu_score": 0.6316311489474883, "data_jsd": 0.6293366397985721, "act_type": 0.05971395390013054, "traj_len": 0.11498427879297524, "macro_hour": 0.07197944705179268, "micro_hour": 0.19993989485340546, "macro_int": 0.08061317968883651, "micro_int": 0.1860019399878968}, "FrequencyBased": {"accuracy": 0.6041361639824304, "edit_dist": 0.3919518667642752, "bleu_score": 0.5514177488517483, "data_jsd": 0.7223906026470571, "act_type": 0.05524071110569489, "traj_len": 0.8325546111576977, "macro_hour": 0.24979545002706982, "micro_hour": 0.38814359328150116, "macro_int": 0.5593264350214189, "micro_int": 0.6840268538329}, "HMM": {"accuracy": 0, "edit_dist": 0, "bleu_score": 0}, "Rule-based (CDAP)": {"accuracy": 0.6041361639824304, "edit_dist": 0.3919518667642752, "bleu_score": 0.5514177488517483, "data_jsd": 0.7223906026470571, "act_type": 0.05524071110569489, "traj_len": 0.8325546111576977, "macro_hour": 0.24979545002706982, "micro_hour": 0.38814359328150116, "macro_int": 0.5593264350214189, "micro_int": 0.6840268538329}}}