{
  "country_accuracy": 0.4,
  "continent_accuracy": 0.8,
  "distance_error_km_median": 1637.6628941637077,
  "distance_error_km_mean_valid_only": 4131.1298562830725,
  "distance_error_km_mean_penalized": 4131.1298562830725,
  "valid_coordinate_rate": 1.0,
  "heuristic_hallucination_rate": 0.0,
  "expert_chain_token_f1": 0.045556882413820554,
  "skill_coverage": 1.0,
  "skill_reuse_rate": 1.3333333333333333,
  "skill_composition_depth": 1.875,
  "Acc@1km": 0.0,
  "Acc@25km": 0.0,
  "Acc@150km": 0.0,
  "Acc@750km": 0.2,
  "Acc@2500km": 0.8,
  "elapsed_seconds": 214.85973739624023,
  "num_samples": 5,
  "num_errors": 0
}