{
  "country_accuracy": 0.3333333333333333,
  "region_accuracy": 1.0,
  "distance_error_km_mean": 1860.0759543559377,
  "distance_error_km_median": 1983.8133472834074,
  "valid_coordinate_rate": 1.0,
  "hallucination_rate": 0.0,
  "evidence_f1": 0.15537802239929902,
  "within_25km_rate": 0.0,
  "within_150km_rate": 0.0,
  "within_750km_rate": 0.3333333333333333,
  "within_2500km_rate": 0.6666666666666666,
  "elapsed_seconds": 68.10628604888916,
  "num_samples": 3,
  "num_errors": 0
}