{
  "country_accuracy": 0.49,
  "region_accuracy": 0.9,
  "distance_error_km_mean": 1924.586042711756,
  "distance_error_km_median": 697.458937376917,
  "valid_coordinate_rate": 1.0,
  "hallucination_rate": 0.02,
  "evidence_f1": 0.014714518889388932,
  "within_25km_rate": 0.04,
  "within_150km_rate": 0.15,
  "within_750km_rate": 0.54,
  "within_2500km_rate": 0.85,
  "n_samples": 100,
  "n_errors": 0
}