{
  "motion_type": "bounce",
  "split": "ood",
  "seed": 999,
  "positions_x": [
    6.4,
    8.9,
    11.4,
    13.9,
    16.4,
    18.9,
    21.4,
    23.9,
    26.4,
    28.9,
    31.4,
    33.9,
    36.4,
    38.9,
    41.4,
    43.9,
    46.4,
    48.9,
    51.4,
    53.9,
    56.4,
    58.9,
    60.0,
    57.625,
    55.25,
    52.875,
    50.5,
    48.125,
    45.75,
    43.375,
    41.0,
    38.625
  ],
  "positions_y": [
    6.4,
    9.4,
    12.350000000000001,
    15.250000000000002,
    18.1,
    20.900000000000002,
    23.650000000000002,
    26.35,
    29.000000000000004,
    31.600000000000005,
    34.150000000000006,
    36.650000000000006,
    39.10000000000001,
    41.500000000000014,
    43.850000000000016,
    46.15000000000002,
    48.40000000000002,
    50.60000000000002,
    52.75000000000003,
    54.85000000000003,
    56.900000000000034,
    58.900000000000034,
    60.0,
    58.0975,
    56.144999999999996,
    54.14249999999999,
    52.08999999999999,
    49.98749999999998,
    47.83499999999998,
    45.63249999999998,
    43.379999999999974,
    41.07749999999997
  ],
  "velocities_x": [
    2.5,
    2.5,
    2.5,
    2.499999999999999,
    2.499999999999999,
    2.5,
    2.5,
    2.5,
    2.5,
    2.5,
    2.5,
    2.5,
    2.5,
    2.5,
    2.5,
    2.5,
    2.5,
    2.5,
    2.5,
    2.5,
    2.5,
    1.8000000000000007,
    -0.6374999999999993,
    -2.375,
    -2.375,
    -2.375,
    -2.375,
    -2.375,
    -2.375,
    -2.375,
    -2.375,
    -2.375
  ],
  "velocities_y": [
    3.0,
    2.9750000000000005,
    2.9250000000000007,
    2.875,
    2.825,
    2.7750000000000004,
    2.7249999999999996,
    2.6750000000000007,
    2.6250000000000018,
    2.575000000000001,
    2.5250000000000004,
    2.4750000000000014,
    2.4250000000000043,
    2.3750000000000036,
    2.325000000000003,
    2.275000000000002,
    2.2250000000000014,
    2.1750000000000043,
    2.1250000000000036,
    2.075000000000003,
    2.025000000000002,
    1.549999999999983,
    -0.40125000000001876,
    -1.927500000000002,
    -1.9775000000000027,
    -2.0275000000000034,
    -2.077500000000004,
    -2.127500000000005,
    -2.177500000000002,
    -2.2275000000000027,
    -2.2775000000000034,
    -2.302500000000002
  ],
  "accelerations_x": [
    0.0,
    0.0,
    -4.440892098500626e-16,
    -4.440892098500626e-16,
    4.440892098500626e-16,
    4.440892098500626e-16,
    0.0,
    0.0,
    0.0,
    0.0,
    0.0,
    0.0,
    0.0,
    0.0,
    0.0,
    0.0,
    0.0,
    0.0,
    0.0,
    0.0,
    -0.34999999999999964,
    -1.5687499999999996,
    -2.0875000000000004,
    -0.8687500000000004,
    0.0,
    0.0,
    0.0,
    0.0,
    0.0,
    0.0,
    0.0,
    0.0
  ],
  "accelerations_y": [
    -0.024999999999999467,
    -0.037499999999999645,
    -0.050000000000000266,
    -0.050000000000000266,
    -0.04999999999999982,
    -0.050000000000000266,
    -0.04999999999999982,
    -0.049999999999998934,
    -0.04999999999999982,
    -0.05000000000000071,
    -0.04999999999999982,
    -0.049999999999998046,
    -0.049999999999998934,
    -0.05000000000000071,
    -0.05000000000000071,
    -0.05000000000000071,
    -0.049999999999998934,
    -0.049999999999998934,
    -0.05000000000000071,
    -0.05000000000000071,
    -0.26250000000000995,
    -1.2131250000000104,
    -1.7387499999999925,
    -0.788124999999992,
    -0.05000000000000071,
    -0.05000000000000071,
    -0.05000000000000071,
    -0.049999999999998934,
    -0.049999999999998934,
    -0.05000000000000071,
    -0.037499999999999645,
    -0.02499999999999858
  ],
  "params": {
    "initial_x": 0.1,
    "initial_y": 0.1,
    "vx": 2.5,
    "vy": 3.0,
    "gravity": 0.05,
    "restitution": 0.95,
    "object_radius": 4,
    "object_value": 255
  },
  "frame_config": {
    "width": 64,
    "height": 64,
    "num_frames": 32,
    "background_value": 0
  }
}