{
  "country_accuracy": 0.16666666666666666,
  "continent_accuracy": 0.5,
  "distance_error_km_median": 1022.7989608166627,
  "distance_error_km_mean_valid_only": 2492.08342485907,
  "distance_error_km_mean_penalized": 2492.08342485907,
  "distance_error_km_std_penalized": 3887.0116967295075,
  "valid_coordinate_rate": 1.0,
  "coverage_rate": 1.0,
  "total_samples": 6.0,
  "valid_predictions": 6.0,
  "Acc@1km": 0.16666666666666666,
  "Acc@10km": 0.16666666666666666,
  "Acc@25km": 0.16666666666666666,
  "Acc@100km": 0.16666666666666666,
  "Acc@200km": 0.3333333333333333,
  "Acc@750km": 0.5,
  "Acc@2500km": 0.8333333333333334,
  "elapsed_seconds": 249.18544459342957,
  "num_samples": 6,
  "num_errors": 0
}