{
  "country_accuracy": 0.0,
  "continent_accuracy": 0.6666666666666666,
  "distance_error_km_median": 315.8613761442236,
  "distance_error_km_mean_valid_only": 660.3094604291045,
  "distance_error_km_mean_penalized": 660.3094604291045,
  "distance_error_km_std_penalized": 722.0181996338605,
  "valid_coordinate_rate": 1.0,
  "coverage_rate": 1.0,
  "total_samples": 3.0,
  "valid_predictions": 3.0,
  "Acc@1km": 0.3333333333333333,
  "Acc@10km": 0.3333333333333333,
  "Acc@25km": 0.3333333333333333,
  "Acc@100km": 0.3333333333333333,
  "Acc@200km": 0.3333333333333333,
  "Acc@750km": 0.6666666666666666,
  "Acc@2500km": 1.0,
  "elapsed_seconds": 101.60028839111328,
  "num_samples": 3,
  "num_errors": 0
}