{
  "motion_type": "projectile",
  "split": "ood",
  "seed": 999,
  "positions_x": [
    3.2,
    6.7,
    10.2,
    13.7,
    17.2,
    20.7,
    24.2,
    27.7,
    31.2,
    34.7,
    38.2,
    41.7,
    45.2,
    48.7,
    52.2,
    55.7,
    59.2,
    62.7,
    66.2,
    69.7,
    73.2,
    76.7,
    80.2,
    83.7,
    87.2,
    90.7,
    94.2,
    97.7,
    101.2,
    104.7,
    108.2,
    111.7
  ],
  "positions_y": [
    57.6,
    51.625,
    45.7,
    39.825,
    34.0,
    28.225,
    22.5,
    16.825000000000003,
    11.200000000000001,
    5.625000000000002,
    0.10000000000000142,
    -5.374999999999998,
    -10.799999999999997,
    -16.174999999999997,
    -21.5,
    -26.775,
    -32.0,
    -37.175,
    -42.3,
    -47.375,
    -52.4,
    -57.37500000000001,
    -62.300000000000004,
    -67.17500000000001,
    -72.0,
    -76.775,
    -81.5,
    -86.17500000000001,
    -90.80000000000001,
    -95.375,
    -99.9,
    -104.375
  ],
  "velocities_x": [
    3.5,
    3.5,
    3.5,
    3.5,
    3.5,
    3.5,
    3.5,
    3.5,
    3.5,
    3.5,
    3.5,
    3.5,
    3.5,
    3.5,
    3.5,
    3.5,
    3.5,
    3.5,
    3.5,
    3.5,
    3.5,
    3.5,
    3.5,
    3.5,
    3.5,
    3.5,
    3.5,
    3.5,
    3.5,
    3.5,
    3.5,
    3.5
  ],
  "velocities_y": [
    -6.0,
    -5.95,
    -5.9,
    -5.85,
    -5.8,
    -5.75,
    -5.7,
    -5.65,
    -5.6,
    -5.55,
    -5.5,
    -5.45,
    -5.4,
    -5.35,
    -5.3,
    -5.25,
    -5.2,
    -5.15,
    -5.1,
    -5.05,
    -5.0,
    -4.95,
    -4.9,
    -4.85,
    -4.8,
    -4.75,
    -4.7,
    -4.65,
    -4.6,
    -4.55,
    -4.5,
    -4.45
  ],
  "accelerations_x": [
    0.0,
    0.0,
    0.0,
    0.0,
    0.0,
    0.0,
    0.0,
    0.0,
    0.0,
    0.0,
    0.0,
    0.0,
    0.0,
    0.0,
    0.0,
    0.0,
    0.0,
    0.0,
    0.0,
    0.0,
    0.0,
    0.0,
    0.0,
    0.0,
    0.0,
    0.0,
    0.0,
    0.0,
    0.0,
    0.0,
    0.0,
    0.0
  ],
  "accelerations_y": [
    0.05,
    0.05,
    0.05,
    0.05,
    0.05,
    0.05,
    0.05,
    0.05,
    0.05,
    0.05,
    0.05,
    0.05,
    0.05,
    0.05,
    0.05,
    0.05,
    0.05,
    0.05,
    0.05,
    0.05,
    0.05,
    0.05,
    0.05,
    0.05,
    0.05,
    0.05,
    0.05,
    0.05,
    0.05,
    0.05,
    0.05,
    0.05
  ],
  "params": {
    "initial_x": 0.05,
    "initial_y": 0.9,
    "vx": 3.5,
    "vy": -6.0,
    "gravity": 0.05,
    "object_radius": 4,
    "object_value": 255
  },
  "frame_config": {
    "width": 64,
    "height": 64,
    "num_frames": 32,
    "background_value": 0
  }
}