{
  "motion_type": "two_body",
  "split": "ood",
  "seed": 999,
  "positions_x_1": [
    44.8,
    44.402078997896254,
    43.23305679219677,
    41.36561752158491,
    38.91586951511219,
    36.03612623865944,
    32.905436181346595,
    29.7184504876865,
    26.673320492196577,
    23.95937762914894,
    21.74536172099925,
    20.168929553504466,
    19.3280960435143,
    19.275140146169008,
    20.013354402677805,
    21.49684022605362,
    23.633361652945766,
    26.29008012910345,
    29.30181376728602,
    32.4813075569661,
    35.63087597392929,
    38.554694108695564,
    41.07097311092813,
    43.02326293966747,
    44.29017966912468,
    44.792952553273594,
    44.5003216093187,
    43.43048121202018,
    41.6499488555943,
    39.26942941809529,
    36.43693206828833,
    33.32856777240644
  ],
  "positions_y_1": [
    32.0,
    35.166770678457894,
    38.1366468941338,
    40.72497612829868,
    42.77082860554108,
    44.1470031277515,
    44.7679358285319,
    44.595020119986394,
    43.63900706336872,
    41.95933692016539,
    39.66044344453064,
    36.885260698269846,
    33.8063361031663,
    30.615102278014614,
    27.509974685572864,
    24.684015120098,
    22.312928060058518,
    20.544136214674133,
    19.48761449388676,
    19.20905230111516,
    19.725769284311827,
    21.005638484139624,
    22.969083832698985,
    25.49402780800949,
    28.42348162305375,
    31.57530602819127,
    34.75353584752404,
    37.76056414439191,
    40.4094284636005,
    42.53543525134727,
    44.00639970271666,
    44.73086437262305
  ],
  "positions_x_2": [
    6.399999999999999,
    7.195842004207492,
    9.533886415606457,
    13.268764956830182,
    18.168260969775623,
    23.927747522681116,
    30.189127637306804,
    36.56309902462699,
    42.653359015606846,
    48.08124474170212,
    52.5092765580015,
    55.66214089299106,
    57.3438079129714,
    57.449719707661984,
    55.97329119464439,
    53.00631954789276,
    48.73327669410847,
    43.4198397417931,
    37.396372465427966,
    31.0373848860678,
    24.73824805214141,
    18.89061178260888,
    13.858053778143745,
    9.953474120665067,
    7.4196406617506305,
    6.414094893452813,
    6.9993567813625965,
    9.139037575959634,
    12.700102288811397,
    17.46114116380941,
    23.126135863423336,
    29.34286445518712
  ],
  "positions_y_2": [
    32.0,
    25.666458643084216,
    19.726706211732406,
    14.550047743402647,
    10.45834278891785,
    7.705993744496993,
    6.464128342936206,
    6.809959760027212,
    8.721985873262547,
    12.081326159669214,
    16.67911311093871,
    22.229478603460304,
    28.387327793667396,
    34.76979544397077,
    40.980050628854265,
    46.631969759804,
    51.374143879882965,
    54.911727570651735,
    57.02477101222648,
    57.58189539776968,
    56.548461431376346,
    53.98872303172076,
    50.06183233460204,
    45.01194438398102,
    39.15303675389251,
    32.84938794361746,
    26.492928304951924,
    20.478871711216193,
    15.181143072799003,
    10.92912949730546,
    7.987200594566687,
    6.538271254753891
  ],
  "velocities_x_1": [
    -0.39792100210374315,
    -0.7834716039016136,
    -1.5182307381556726,
    -2.158593638542289,
    -2.6647456414627335,
    -3.0052166668827986,
    -3.158837875486471,
    -3.1160578445750087,
    -2.8795364292687804,
    -2.4639793855986643,
    -1.8952240378222367,
    -1.2086328387424743,
    -0.4468947036677289,
    0.34262917958175265,
    1.1108500399423065,
    1.8100036251339802,
    2.396619951524915,
    2.8342260571701274,
    3.095613713931325,
    3.164531103321636,
    3.0366932758647316,
    2.7200485684994185,
    2.234284415485952,
    1.6096032790982768,
    0.8848448068030628,
    0.10507097009701027,
    -0.6812356706267053,
    -1.4251863768622002,
    -2.0805258969624454,
    -2.6065083936529874,
    -2.9704308228444276,
    -3.1083642958818913
  ],
  "velocities_y_1": [
    3.166770678457894,
    3.0683234470668985,
    2.779102724920392,
    2.31709085570364,
    1.7110134997264126,
    0.9985536114954101,
    0.22400849611744533,
    -0.5644643825815869,
    -1.3178415999105013,
    -1.9892818094190403,
    -2.5370381109477727,
    -2.92705367068217,
    -3.135079210127616,
    -3.148180708796719,
    -2.9655435789583073,
    -2.598523312757173,
    -2.0699394527119335,
    -1.412656783085879,
    -0.6675419567794858,
    0.11907739521253369,
    0.8982930915122314,
    1.6216572741935789,
    2.2441946619349338,
    2.7271988951773825,
    3.04063911009089,
    3.165027112235146,
    3.092629058100318,
    2.8279463080382286,
    2.387435553477683,
    1.798485619558079,
    1.0977145606378897,
    0.7244646699063964
  ],
  "velocities_x_2": [
    0.7958420042074934,
    1.566943207803229,
    3.036461476311345,
    4.317187277084583,
    5.329491282925467,
    6.01043333376559,
    6.317675750972938,
    6.232115689150021,
    5.759072858537564,
    4.9279587711973285,
    3.79044807564447,
    2.4172656774849486,
    0.8937894073354613,
    -0.6852583591635053,
    -2.221700079884613,
    -3.6200072502679603,
    -4.79323990304983,
    -5.668452114340251,
    -6.191227427862648,
    -6.329062206643277,
    -6.073386551729461,
    -5.440097136998833,
    -4.468568830971906,
    -3.219206558196557,
    -1.7696896136061273,
    -0.210141940194017,
    1.3624713412534106,
    2.8503727537244004,
    4.161051793924887,
    5.213016787305969,
    5.940861645688855,
    6.216728591763783
  ],
  "velocities_y_2": [
    -6.333541356915784,
    -6.136646894133797,
    -5.558205449840784,
    -4.634181711407278,
    -3.422026999452827,
    -1.997107222990822,
    -0.44801699223489067,
    1.1289287651631703,
    2.635683199821001,
    3.9785636188380824,
    5.074076221895545,
    5.854107341364342,
    6.270158420255234,
    6.296361417593435,
    5.931087157916615,
    5.19704662551435,
    4.139878905423867,
    2.825313566171758,
    1.3350839135589716,
    -0.23815479042506738,
    -1.7965861830244592,
    -3.243314548387154,
    -4.488389323869871,
    -5.454397790354765,
    -6.08127822018178,
    -6.330054224470292,
    -6.185258116200632,
    -5.655892616076461,
    -4.774871106955366,
    -3.596971239116158,
    -2.195429121275785,
    -1.4489293398127963
  ],
  "accelerations_x_1": [
    -0.3855506017978705,
    -0.5601548680259647,
    -0.6875610173203377,
    -0.5732574516535305,
    -0.4233115141702548,
    -0.24704611701186874,
    -0.05542058884610501,
    0.1396507231088453,
    0.3260392294881722,
    0.49215619572327185,
    0.627673273428095,
    0.7241646670772539,
    0.7756310091621135,
    0.7788723718050177,
    0.7336872227761138,
    0.6428849557913043,
    0.5121112160180736,
    0.3494968812032049,
    0.16515252307575423,
    -0.029460219033296653,
    -0.22224126741110872,
    -0.4012044301893898,
    -0.5552226447005708,
    -0.6747198043414446,
    -0.7522661545006333,
    -0.783040238714884,
    -0.7651286734796052,
    -0.69964511316787,
    -0.5906610083953936,
    -0.4449524629409911,
    -0.250927951114452,
    -0.13793347303746373
  ],
  "accelerations_y_1": [
    -0.09844723139099543,
    -0.19383397676875092,
    -0.37561629568162935,
    -0.5340446125969898,
    -0.6592686221041149,
    -0.7435025018044836,
    -0.7815089970384985,
    -0.7709250480139733,
    -0.7124087134187267,
    -0.6095982555186357,
    -0.4688859306315649,
    -0.29902054958992164,
    -0.11056351905727446,
    0.0847678155846543,
    0.27482869801977294,
    0.44780206312318693,
    0.5929332648356471,
    0.7011987479662238,
    0.7658670891492063,
    0.7829175241458586,
    0.7512899394905226,
    0.6729507852113512,
    0.5527708104919018,
    0.398222224077978,
    0.2189141085288817,
    0.025994974004714066,
    -0.16854040209845866,
    -0.3525967523113174,
    -0.5147303442400748,
    -0.6448604964198967,
    -0.5370104748258413,
    -0.3732498907314934
  ],