{
  "country_accuracy": 0.49,
  "region_accuracy": 0.86,
  "distance_error_km_mean": 2130.691369668291,
  "distance_error_km_median": 671.1159577835595,
  "valid_coordinate_rate": 1.0,
  "hallucination_rate": 0.01,
  "evidence_f1": 0.015199562622899116,
  "within_25km_rate": 0.03,
  "within_150km_rate": 0.14,
  "within_750km_rate": 0.54,
  "within_2500km_rate": 0.83,
  "n_samples": 100,
  "n_errors": 0
}