{
  "country_accuracy": 0.4,
  "continent_accuracy": 0.8,
  "distance_error_km_median": 1637.6628941637077,
  "distance_error_km_mean_valid_only": 1444.7106324832282,
  "distance_error_km_mean_penalized": 1444.7106324832282,
  "valid_coordinate_rate": 1.0,
  "heuristic_hallucination_rate": 0.0,
  "expert_chain_token_f1": 0.038234552332912994,
  "skill_coverage": 1.0,
  "skill_reuse_rate": 1.8518518518518519,
  "skill_composition_depth": 1.88,
  "Acc@1km": 0.0,
  "Acc@25km": 0.0,
  "Acc@150km": 0.0,
  "Acc@750km": 0.4,
  "Acc@2500km": 0.8,
  "elapsed_seconds": 233.39595341682434,
  "num_samples": 5,
  "num_errors": 0
}