{
  "country_accuracy": 0.39,
  "region_accuracy": 0.78,
  "distance_error_km_mean": 2072.0715539057014,
  "distance_error_km_median": 770.4754542457342,
  "valid_coordinate_rate": 0.88,
  "hallucination_rate": 0.01,
  "evidence_f1": 0.015739367032410745,
  "within_25km_rate": 0.022727272727272728,
  "within_150km_rate": 0.1590909090909091,
  "within_750km_rate": 0.48863636363636365,
  "within_2500km_rate": 0.8295454545454546,
  "elapsed_seconds": 3434.2169473171234,
  "num_samples": 100,
  "num_errors": 11
}