{
  "country_accuracy": 0.42,
  "region_accuracy": 0.8,
  "distance_error_km_mean": 2477.1663637541733,
  "distance_error_km_median": 843.8972230476279,
  "valid_coordinate_rate": 0.96,
  "hallucination_rate": 0.01,
  "evidence_f1": 0.01595885585723069,
  "within_25km_rate": 0.041666666666666664,
  "within_150km_rate": 0.16666666666666666,
  "within_750km_rate": 0.4791666666666667,
  "within_2500km_rate": 0.7916666666666666,
  "elapsed_seconds": 2807.334001302719,
  "num_samples": 100,
  "num_errors": 4
}