{
  "Afghanistan": [
    33.7680065,
    66.2385139
  ],
  "Albania": [
    41.000028,
    19.9999619
  ],
  "Algeria": [
    28.0000272,
    2.9999825
  ],
  "American Samoa": [
    -14.297124,
    -170.7131481
  ],
  "Argentina": [
    -34.9964963,
    -64.9672817
  ],
  "Austria": [
    47.59397,
    14.12456
  ],
  "Bahrain": [
    26.1551249,
    50.5344606
  ],
  "Bangladesh": [
    24.4769288,
    90.2934413
  ],
  "Belgium": [
    50.6402809,
    4.6667145
  ],
  "Bhutan": [
    27.549511,
    90.5119273
  ],
  "Bolivia": [
    -17.0568696,
    -64.9912286
  ],
  "Botswana": [
    -23.1681782,
    24.5928742
  ],
  "Brazil": [
    -10.3333333,
    -53.2
  ],
  "Brunei": [
    4.4137155,
    114.5653908
  ],
  "Bulgaria": [
    42.6073975,
    25.4856617
  ],
  "Burkina Faso": [
    12.0753083,
    -1.6880314
  ],
  "Burundi": [
    -3.426449,
    29.9324519
  ],
  "Cambodia": [
    12.5433216,
    104.8144914
  ],
  "Cameroon": [
    4.6125522,
    13.1535811
  ],
  "Canada": [
    61.0666922,
    -107.991707
  ],
  "Chile": [
    -31.7613365,
    -71.3187697
  ],
  "China": [
    35.000074,
    104.999927
  ],
  "Colombia": [
    4.099917,
    -72.9088133
  ],
  "Comoros": [
    -12.2045176,
    44.2832964
  ],
  "Croatia": [
    45.3658443,
    15.6575209
  ],
  "Cyprus": [
    34.9174159,
    32.8899027
  ],
  "Czech Republic": [
    49.7439047,
    15.3381061
  ],
  "Democratic Republic of Congo": [
    -15.4139213,
    28.289698
  ],
  "Denmark": [
    55.670249,
    10.3333283
  ],
  "Ecuador": [
    -1.3397668,
    -79.3666965
  ],
  "El Salvador": [
    13.8000382,
    -88.9140683
  ],
  "Estonia": [
    58.7523778,
    25.3319078
  ],
  "Finland": [
    63.2467777,
    25.9209164
  ],
  "France": [
    46.603354,
    1.8883335
  ],
  "Gabon": [
    -0.8999695,
    11.6899699
  ],
  "Gambia": [
    13.470062,
    -15.4900464
  ],
  "Ghana": [
    8.0300284,
    -1.0800271
  ],
  "Greece": [
    38.9953683,
    21.9877132
  ],
  "Greenland": [
    77.6192349,
    -42.8125967
  ],
  "Guatemala": [
    15.5855545,
    -90.345759
  ],
  "Guinea": [
    10.7226226,
    -10.7083587
  ],
  "Haiti": [
    19.1399952,
    -72.3570972
  ],
  "Honduras": [
    15.2572432,
    -86.0755145
  ],
  "Hungary": [
    47.1817585,
    19.5060937
  ],
  "Iceland": [
    64.9841821,
    -18.1059013
  ],
  "Indonesia": [
    -2.4833826,
    117.8902853
  ],
  "Iraq": [
    33.0955793,
    44.1749775
  ],
  "Ireland": [
    52.865196,
    -7.9794599
  ],
  "Israel": [
    30.8124247,
    34.8594762
  ],
  "Italy": [
    42.6384261,
    12.674297
  ],
  "Japan": [
    36.5748441,
    139.2394179
  ],
  "Kenya": [
    1.4419683,
    38.4313975
  ],
  "Kyrgyzstan": [
    41.5089324,
    74.724091
  ],
  "Laos": [
    20.0171109,
    103.378253
  ],
  "Latvia": [
    56.8406494,
    24.7537645
  ],
  "Lesotho": [
    -29.6039267,
    28.3350193
  ],
  "Liberia": [
    5.7499721,
    -9.3658524
  ],
  "Libya": [
    26.8234472,
    18.1236723
  ],
  "Lithuania": [
    55.3500003,
    23.7499997
  ],
  "Luxembourg": [
    49.8158683,
    6.1296751
  ],
  "Maldives": [
    3.7203503,
    73.2244152
  ],
  "Martinique": [
    14.6113732,
    -60.9620777
  ],
  "Mexico": [
    23.6585116,
    -102.0077097
  ],
  "Moldova": [
    47.2879608,
    28.5670941
  ],
  "Mongolia": [
    46.8250388,
    103.8499736
  ],
  "Montenegro": [
    42.7755624,
    19.2022423
  ],
  "Myanmar": [
    17.1750495,
    95.9999652
  ],
  "Namibia": [
    -23.2335499,
    17.3231107
  ],
  "Nicaragua": [
    12.3506436,
    -85.7841006
  ],
  "Nigeria": [
    9.6000359,
    7.9999721
  ],
  "North Macedonia": [
    41.6171214,
    21.7168387
  ],
  "Norway": [
    61.1529386,
    8.7876653
  ],
  "Oman": [
    21.0000287,
    57.0036901
  ],
  "Palestine": [
    31.7621153,
    -95.6307891
  ],
  "Panama": [
    8.559559,
    -81.1308434
  ],
  "Peru": [
    -6.8699697,
    -75.0458515
  ],
  "Philippines": [
    12.7503486,
    122.7312101
  ],
  "Poland": [
    52.215933,
    19.134422
  ],
  "Portugal": [
    39.6621648,
    -8.1353519
  ],
  "Qatar": [
    25.3336984,
    51.2295295
  ],
  "Romania": [
    45.9852129,
    24.6859225
  ],
  "Russia": [
    64.6863136,
    97.7453061
  ],
  "Rwanda": [
    -2.0002051,
    30.0003963
  ],
  "Saint Vincent and the Grenadines": [
    12.90447,
    -61.2765569
  ],
  "Sao Tome and Principe": [
    0.9713095,
    7.02255
  ],
  "Senegal": [
    14.4750607,
    -14.4529612
  ],
  "Serbia": [
    44.0243229,
    21.0765743
  ],
  "Slovakia": [
    48.7411522,
    19.4528646
  ],
  "South Africa": [
    -28.8166236,
    24.991639
  ],
  "South Korea": [
    36.638392,
    127.6961188
  ],
  "South Sudan": [
    7.8699431,
    29.6667897
  ],
  "Spain": [
    39.3260685,
    -4.8379791
  ],
  "Sri Lanka": [
    7.5554942,
    80.7137847
  ],
  "Sudan": [
    14.5844444,
    29.4917691
  ],
  "Swaziland": [
    -26.5624806,
    31.3991317
  ],
  "Sweden": [
    59.6749712,
    14.5208584
  ],
  "Switzerland": [
    46.7985624,
    8.2319736
  ],
  "Syria": [
    34.6401861,
    39.0494106
  ],
  "Thailand": [
    14.8971921,
    100.83273
  ],
  "Timor-Leste": [
    -8.7443169,
    126.063482
  ],
  "Tunisia": [
    33.8439408,
    9.400138
  ],
  "Turkmenistan": [
    39.3763807,
    59.3924609
  ],
  "U.K.": [
    16.9873547,
    121.7114596
  ],
  "UAE": [
    24.0002488,
    53.9994829
  ],
  "US Virgin Islands": [
    17.789187,
    -64.7080574
  ],
  "USA": [
    39.7837304,
    -100.445882
  ],
  "Ukraine": [
    49.4871968,
    31.2718321
  ],
  "Uruguay": [
    -32.8755548,
    -56.0201525
  ],
  "Vatican": [
    41.9034912,
    12.4528349
  ],
  "Venezuela": [
    8.0018709,
    -66.1109318
  ],
  "Zambia": [
    -14.5189121,
    27.5589884
  ],
  "san marino": [
    43.9458623,
    12.458306
  ]
}