{
  "country_accuracy": 0.3,
  "continent_accuracy": 0.4666666666666667,
  "distance_error_km_median": 1401.5189655285253,
  "distance_error_km_mean_valid_only": 4004.1361966819927,
  "distance_error_km_mean_penalized": 4538.564990125927,
  "distance_error_km_std_penalized": 5479.12127289609,
  "valid_coordinate_rate": 0.9666666666666667,
  "coverage_rate": 0.9666666666666667,
  "total_samples": 30.0,
  "valid_predictions": 29.0,
  "Acc@1km": 0.0,
  "Acc@10km": 0.06666666666666667,
  "Acc@25km": 0.06666666666666667,
  "Acc@100km": 0.13333333333333333,
  "Acc@200km": 0.2,
  "Acc@750km": 0.43333333333333335,
  "Acc@2500km": 0.6333333333333333,
  "elapsed_seconds": 531.6975536346436,
  "num_samples": 30,
  "num_errors": 1
}