{
  "country_accuracy": 0.2,
  "continent_accuracy": 0.4666666666666667,
  "distance_error_km_median": 1913.4829862953015,
  "distance_error_km_mean_valid_only": 4908.18675302381,
  "distance_error_km_mean_penalized": 4908.18675302381,
  "distance_error_km_std_penalized": 5761.262117209495,
  "valid_coordinate_rate": 1.0,
  "coverage_rate": 1.0,
  "total_samples": 30.0,
  "valid_predictions": 30.0,
  "Acc@1km": 0.0,
  "Acc@10km": 0.03333333333333333,
  "Acc@25km": 0.03333333333333333,
  "Acc@100km": 0.1,
  "Acc@200km": 0.13333333333333333,
  "Acc@750km": 0.3333333333333333,
  "Acc@2500km": 0.6333333333333333,
  "elapsed_seconds": 492.2607944011688,
  "num_samples": 30,
  "num_errors": 0
}