{
  "country_accuracy": 0.54,
  "region_accuracy": 0.88,
  "distance_error_km_mean": 2250.3512332620962,
  "distance_error_km_median": 627.6773827797092,
  "valid_coordinate_rate": 0.98,
  "hallucination_rate": 0.02,
  "evidence_f1": 0.018826439137362313,
  "within_25km_rate": 0.030612244897959183,
  "within_150km_rate": 0.1836734693877551,
  "within_750km_rate": 0.5408163265306123,
  "within_2500km_rate": 0.826530612244898,
  "elapsed_seconds": 1584.9062340259552,
  "num_samples": 100,
  "num_errors": 0
}