{
  "country_accuracy": 0.56,
  "continent_accuracy": 0.88,
  "distance_error_km_median": 374.2078210420817,
  "distance_error_km_mean_valid_only": 1651.1909477418394,
  "distance_error_km_mean_penalized": 1651.1909477418394,
  "distance_error_km_std_penalized": 3684.872594081371,
  "valid_coordinate_rate": 1.0,
  "coverage_rate": 1.0,
  "total_samples": 50.0,
  "valid_predictions": 50.0,
  "Acc@10km": 0.04,
  "Acc@25km": 0.04,
  "Acc@200km": 0.34,
  "Acc@750km": 0.68,
  "Acc@2000km": 0.82,
  "elapsed_seconds": 823.3235502243042,
  "num_samples": 50,
  "num_errors": 0
}