{
  "country_accuracy": 0.5,
  "continent_accuracy": 0.6666666666666666,
  "distance_error_km_median": 275.4266444380111,
  "distance_error_km_mean_valid_only": 797.7330555046674,
  "distance_error_km_mean_penalized": 797.7330555046674,
  "distance_error_km_std_penalized": 930.2234907895285,
  "valid_coordinate_rate": 1.0,
  "coverage_rate": 1.0,
  "total_samples": 6.0,
  "valid_predictions": 6.0,
  "Acc@1km": 0.16666666666666666,
  "Acc@10km": 0.16666666666666666,
  "Acc@25km": 0.16666666666666666,
  "Acc@100km": 0.3333333333333333,
  "Acc@200km": 0.5,
  "Acc@750km": 0.6666666666666666,
  "Acc@2500km": 1.0,
  "elapsed_seconds": 421.2964961528778,
  "num_samples": 6,
  "num_errors": 0
}