{
  "country_accuracy": 0.0,
  "continent_accuracy": 0.3333333333333333,
  "distance_error_km_median": 11053.61371034121,
  "distance_error_km_mean_valid_only": 9136.215635683448,
  "distance_error_km_mean_penalized": 9136.215635683448,
  "distance_error_km_std_penalized": 6810.2923056798,
  "valid_coordinate_rate": 1.0,
  "coverage_rate": 1.0,
  "total_samples": 3.0,
  "valid_predictions": 3.0,
  "Acc@1km": 0.0,
  "Acc@10km": 0.3333333333333333,
  "Acc@25km": 0.3333333333333333,
  "Acc@100km": 0.3333333333333333,
  "Acc@200km": 0.3333333333333333,
  "Acc@750km": 0.3333333333333333,
  "Acc@2500km": 0.3333333333333333,
  "elapsed_seconds": 233.48685097694397,
  "num_samples": 3,
  "num_errors": 0
}