{
  "country_accuracy": 0.3333333333333333,
  "continent_accuracy": 0.3333333333333333,
  "distance_error_km_median": 2008.7201571985374,
  "distance_error_km_mean_valid_only": 2181.4450692749533,
  "distance_error_km_mean_penalized": 2181.4450692749533,
  "distance_error_km_std_penalized": 1855.614989030557,
  "valid_coordinate_rate": 1.0,
  "coverage_rate": 1.0,
  "total_samples": 3.0,
  "valid_predictions": 3.0,
  "Acc@1km": 0.3333333333333333,
  "Acc@10km": 0.3333333333333333,
  "Acc@25km": 0.3333333333333333,
  "Acc@100km": 0.3333333333333333,
  "Acc@200km": 0.3333333333333333,
  "Acc@750km": 0.3333333333333333,
  "Acc@2500km": 0.6666666666666666,
  "elapsed_seconds": 201.81929087638855,
  "num_samples": 3,
  "num_errors": 0
}