{
  "country_accuracy": 0.0,
  "continent_accuracy": 0.3333333333333333,
  "distance_error_km_median": 2130.1911618854947,
  "distance_error_km_mean_valid_only": 2248.8849855108274,
  "distance_error_km_mean_penalized": 2248.8849855108274,
  "distance_error_km_std_penalized": 1886.4676497986086,
  "valid_coordinate_rate": 1.0,
  "coverage_rate": 1.0,
  "total_samples": 3.0,
  "valid_predictions": 3.0,
  "Acc@1km": 0.3333333333333333,
  "Acc@10km": 0.3333333333333333,
  "Acc@25km": 0.3333333333333333,
  "Acc@100km": 0.3333333333333333,
  "Acc@200km": 0.3333333333333333,
  "Acc@750km": 0.3333333333333333,
  "Acc@2500km": 0.6666666666666666,
  "elapsed_seconds": 104.09358644485474,
  "num_samples": 3,
  "num_errors": 0
}