{
  "motion_type": "circular",
  "split": "ood",
  "seed": 999,
  "positions_x": [
    44.8,
    43.65661412161552,
    40.32859174168777,
    35.11321518772901,
    28.476358514602843,
    21.010872362693192,
    13.383626375856974,
    6.2759397222436455,
    0.32272088214411454,
    -3.944246835636765,
    -6.143807912971404,
    -6.0794821096669445,
    -3.7570154581541715,
    0.6161330124764106,
    6.6493229736780926,
    13.803627534572039,
    21.439973976049828,
    28.876230213452295,
    35.44813762413143,
    40.56864729188249,
    43.78035933824937,
    44.79638109141543,
    43.525954354138364,
    40.08256256320915,
    34.77379365202573,
    28.07386413657666,
    20.581258766403835,
    12.965269664363746,
    5.906210454612848,
    0.03464587270659081,
    -4.124934704247732,
    -6.200968331586644
  ],
  "positions_y": [
    44.8,
    52.36531729053029,
    59.2548473189129,
    64.85316888646358,
    68.66020060076099,
    70.33587165706379,
    69.7304993504818,
    66.89815978621117,
    62.09185742210946,
    55.74092493398605,
    48.4126722063326,
    40.761710229932845,
    33.471476651651784,
    27.193186324890267,
    22.48766022621214,
    19.775228987773513,
    19.298186013802475,
    21.099144132410046,
    25.01722911856671,
    30.702450109500475,
    37.6469632461075,
    45.23043585239935,
    52.77545890594247,
    59.6080579683379,
    65.11789731453831,
    68.81279940543331,
    70.36270964158989,
    69.62917915763421,
    66.67773204705998,
    61.77201229010389,
    55.35023322218897,
    47.986033241780824
  ],
  "velocities_x": [
    -1.1433858783844784,
    -2.2357041291561153,
    -4.271699466943254,
    -5.926116613542462,
    -7.05117141251791,
    -7.546366069372935,
    -7.367466320224773,
    -6.5304527468564295,
    -5.110093278940205,
    -3.2332643975577593,
    -1.0676176370150898,
    1.1933962274086163,
    3.3478075610716775,
    5.203169215916132,
    6.593747261047814,
    7.395325501185868,
    7.536301339440128,
    7.004081824040799,
    5.846208539215098,
    4.166110857058971,
    2.1138668997664674,
    -0.1272024920555026,
    -2.3569092641031375,
    -4.376080351056316,
    -6.004349213316246,
    -7.096267442810948,
    -7.554297236106457,
    -7.337524155895493,
    -6.465311895828577,
    -5.01557257943029,
    -3.1178071021466174,
    -2.076033627338912
  ],
  "velocities_y": [
    7.565317290530295,
    7.227423659456452,
    6.243925797966643,
    4.702676640924043,
    2.7413513853001064,
    0.5351493748604028,
    -1.718855935426312,
    -3.819320964186165,
    -5.578617426112558,
    -6.839592607888431,
    -7.489607352026603,
    -7.470597777340409,
    -6.784261952521289,
    -5.491908212719823,
    -3.7089786685583768,
    -1.594737106204832,
    0.6619575723182667,
    2.859521552382118,
    4.801652988545214,
    6.314867063770393,
    7.263992871449439,
    7.564247829917488,
    7.188811057969275,
    6.17121920429792,
    4.602370718547704,
    2.6224061635257883,
    0.408189876100451,
    -1.8424887972649557,
    -3.928583433765162,
    -5.663749412435504,
    -6.892989524161532,
    -7.364199980408145
  ],
  "accelerations_x": [
    -1.092318250771637,
    -1.5641567942793877,
    -1.8452062421931732,
    -1.389735972787328,
    -0.8101247279152366,
    -0.15814745385343176,
    0.5079566612582527,
    1.128686520642284,
    1.648594174649335,
    2.0212378209625577,
    2.213330312483188,
    2.2077125990433837,
    2.004886494253758,
    1.6229698499880683,
    1.0960781426348678,
    0.47127703919615715,
    -0.19562183857253412,
    -0.8450464001125151,
    -1.4189854834909141,
    -1.8661708197243154,
    -2.146656674557237,
    -2.2353880819348024,
    -2.124438929500407,
    -1.8237199746065542,
    -1.3600935458773158,
    -0.7749740113951056,
    -0.12062835654227255,
    0.5444926701389399,
    1.1609757882326015,
    1.67375239684098,
    1.469769476045689,
    1.0417734748077052
  ],
  "accelerations_y": [
    -0.3378936310738432,
    -0.6606957462818261,
    -1.2623735092662045,
    -1.7512872063332683,
    -2.08376363303182,
    -2.230103660363209,
    -2.177235169523284,
    -1.929880745343123,
    -1.510135821851133,
    -0.9554949629570224,
    -0.3155025847259889,
    0.3526726997526568,
    0.989344782310293,
    1.5376416419814563,
    1.9485855532574954,
    2.1854681204383217,
    2.227129329293475,
    2.069847708113474,
    1.7276727556941376,
    1.2311699414521122,
    0.6246903830735473,
    -0.03759090674008192,
    -0.6965143128097839,
    -1.2932201697107857,
    -1.7744065203860657,
    -2.0970904212236263,
    -2.232447480395372,
    -2.1683866549328066,
    -1.910630307585274,
    -1.482203045198185,
    -0.8502252839863207,
    -0.47121045624661306
  ],
  "params": {
    "radius": 0.4,
    "angular_velocity": 0.3,
    "center_x": 0.3,
    "center_y": 0.7,
    "object_radius": 4,
    "object_value": 255
  },
  "frame_config": {
    "width": 64,
    "height": 64,
    "num_frames": 32,
    "background_value": 0
  }
}